{
  "__type__": "cc.SpriteFrame",
  "content": {
    "name": "reelFrame_bottom",
    "atlas": "",
    "rect": {
      "x": 0,
      "y": 575,
      "width": 903,
      "height": 15
    },
    "offset": {
      "x": 0,
      "y": -287.5
    },
    "originalSize": {
      "width": 903,
      "height": 590
    },
    "rotated": false,
    "capInsets": [
      0,
      0,
      0,
      0
    ],
    "vertices": {
      "rawPosition": [
        -451.5,
        -7.5,
        0,
        451.5,
        -7.5,
        0,
        -451.5,
        7.5,
        0,
        451.5,
        7.5,
        0
      ],
      "indexes": [
        0,
        1,
        2,
        2,
        1,
        3
      ],
      "uv": [
        0,
        15,
        903,
        15,
        0,
        0,
        903,
        0
      ],
      "nuv": [
        0,
        0,
        1,
        0,
        0,
        0.025423728813559324,
        1,
        0.025423728813559324
      ],
      "minPos": {
        "x": -451.5,
        "y": -7.5,
        "z": 0
      },
      "maxPos": {
        "x": 451.5,
        "y": 7.5,
        "z": 0
      }
    },
    "texture": "4847b65c-9752-4ef4-9efc-1b16f8304fee@6c48a",
    "packable": true,
    "pixelsToUnit": 100,
    "pivot": {
      "x": 0.5,
      "y": 0.5
    },
    "meshType": 0
  }
}