{
  "__type__": "cc.SpriteFrame",
  "content": {
    "name": "reelFrame_top",
    "atlas": "",
    "rect": {
      "x": 3,
      "y": 0,
      "width": 897,
      "height": 15
    },
    "offset": {
      "x": 0,
      "y": 287.5
    },
    "originalSize": {
      "width": 903,
      "height": 590
    },
    "rotated": false,
    "capInsets": [
      0,
      0,
      0,
      0
    ],
    "vertices": {
      "rawPosition": [
        -448.5,
        -7.5,
        0,
        448.5,
        -7.5,
        0,
        -448.5,
        7.5,
        0,
        448.5,
        7.5,
        0
      ],
      "indexes": [
        0,
        1,
        2,
        2,
        1,
        3
      ],
      "uv": [
        3,
        590,
        900,
        590,
        3,
        575,
        900,
        575
      ],
      "nuv": [
        0.0033222591362126247,
        0.9745762711864406,
        0.9966777408637874,
        0.9745762711864406,
        0.0033222591362126247,
        1,
        0.9966777408637874,
        1
      ],
      "minPos": {
        "x": -448.5,
        "y": -7.5,
        "z": 0
      },
      "maxPos": {
        "x": 448.5,
        "y": 7.5,
        "z": 0
      }
    },
    "texture": "e5361443-1452-4f77-8e03-1903efa2ad82@6c48a",
    "packable": true,
    "pixelsToUnit": 100,
    "pivot": {
      "x": 0.5,
      "y": 0.5
    },
    "meshType": 0
  }
}