{
  "__type__": "cc.SpriteFrame",
  "content": {
    "name": "icon_4",
    "atlas": "",
    "rect": {
      "x": 39,
      "y": 38,
      "width": 150,
      "height": 172
    },
    "offset": {
      "x": 0.5,
      "y": 0
    },
    "originalSize": {
      "width": 227,
      "height": 248
    },
    "rotated": false,
    "capInsets": [
      0,
      0,
      0,
      0
    ],
    "vertices": {
      "rawPosition": [
        -75,
        -86,
        0,
        75,
        -86,
        0,
        -75,
        86,
        0,
        75,
        86,
        0
      ],
      "indexes": [
        0,
        1,
        2,
        2,
        1,
        3
      ],
      "uv": [
        39,
        210,
        189,
        210,
        39,
        38,
        189,
        38
      ],
      "nuv": [
        0.17180616740088106,
        0.1532258064516129,
        0.8325991189427313,
        0.1532258064516129,
        0.17180616740088106,
        0.8467741935483871,
        0.8325991189427313,
        0.8467741935483871
      ],
      "minPos": {
        "x": -75,
        "y": -86,
        "z": 0
      },
      "maxPos": {
        "x": 75,
        "y": 86,
        "z": 0
      }
    },
    "texture": "5dad6c58-9888-45de-928d-3c0fac7f48dc@6c48a",
    "packable": true,
    "pixelsToUnit": 100,
    "pivot": {
      "x": 0.5,
      "y": 0.5
    },
    "meshType": 0
  }
}