{
  "__type__": "cc.SpriteFrame",
  "content": {
    "name": "reelFrame_left",
    "atlas": "",
    "rect": {
      "x": 0,
      "y": 0,
      "width": 40,
      "height": 589
    },
    "offset": {
      "x": -431.5,
      "y": 0.5
    },
    "originalSize": {
      "width": 903,
      "height": 590
    },
    "rotated": false,
    "capInsets": [
      0,
      0,
      0,
      0
    ],
    "vertices": {
      "rawPosition": [
        -20,
        -294.5,
        0,
        20,
        -294.5,
        0,
        -20,
        294.5,
        0,
        20,
        294.5,
        0
      ],
      "indexes": [
        0,
        1,
        2,
        2,
        1,
        3
      ],
      "uv": [
        0,
        590,
        40,
        590,
        0,
        1,
        40,
        1
      ],
      "nuv": [
        0,
        0.001694915254237288,
        0.044296788482835,
        0.001694915254237288,
        0,
        1,
        0.044296788482835,
        1
      ],
      "minPos": {
        "x": -20,
        "y": -294.5,
        "z": 0
      },
      "maxPos": {
        "x": 20,
        "y": 294.5,
        "z": 0
      }
    },
    "texture": "397da030-f17f-46f4-a095-ac8493d8d817@6c48a",
    "packable": true,
    "pixelsToUnit": 100,
    "pivot": {
      "x": 0.5,
      "y": 0.5
    },
    "meshType": 0
  }
}